
{
  "Chennai": [
    { "id": "chn-marina", "name": "Marina Beach", "type": "beach", "lat": 13.0439, "lng": 80.2824 },
    { "id": "chn-central", "name": "Chennai Central", "type": "bus", "lat": 13.0827, "lng": 80.2757 },
    { "id": "chn-parrys", "name": "Parry's Corner", "type": "city", "lat": 13.0878, "lng": 80.2796 },
    { "id": "chn-mylapore", "name": "Kapaleeshwarar Temple, Mylapore", "type": "temple", "lat": 13.0336, "lng": 80.2695 },
    { "id": "chn-chepauk", "name": "MA Chidambaram Stadium, Chepauk", "type": "stadium", "lat": 13.0629, "lng": 80.2793 }
  ],
  "Coimbatore": [
    { "id": "cbe-gandhipuram", "name": "Gandhipuram Bus Stand", "type": "bus", "lat": 11.0183, "lng": 76.9725 },
    { "id": "cbe-rs-puram", "name": "RS Puram", "type": "city", "lat": 11.0056, "lng": 76.9556 },
    { "id": "cbe-velliangiri", "name": "Velliangiri Hills", "type": "nature", "lat": 10.9961, "lng": 76.7395 },
    { "id": "cbe-brookefields", "name": "Brookefields Mall", "type": "city", "lat": 11.0098, "lng": 76.9613 }
  ],
  "Madurai": [
    { "id": "mdr-meenakshi", "name": "Meenakshi Amman Temple", "type": "temple", "lat": 9.9195, "lng": 78.1194 },
    { "id": "mdr-periyar", "name": "Periyar Bus Stand", "type": "bus", "lat": 9.9230, "lng": 78.1190 },
    { "id": "mdr-thiruparankundram", "name": "Thiruparankundram", "type": "temple", "lat": 9.8853, "lng": 78.0968 },
    { "id": "mdr-gandhi-museum", "name": "Gandhi Museum", "type": "museum", "lat": 9.9403, "lng": 78.1389 }
  ],
  "Kanyakumari": [
    { "id": "kky-vivekananda", "name": "Vivekananda Rock", "type": "nature", "lat": 8.0781, "lng": 77.5520 },
    { "id": "kky-thiruvalluvar", "name": "Thiruvalluvar Statue", "type": "nature", "lat": 8.0780, "lng": 77.5524 },
    { "id": "kky-beach", "name": "Kanyakumari Beach", "type": "beach", "lat": 8.0896, "lng": 77.5463 }
  ],
  "Tiruchirappalli": [
    { "id": "try-rockfort", "name": "Rockfort", "type": "fort", "lat": 10.8269, "lng": 78.6928 },
    { "id": "try-srirangam", "name": "Srirangam Temple", "type": "temple", "lat": 10.8623, "lng": 78.6934 },
    { "id": "try-central-bus", "name": "Central Bus Stand", "type": "bus", "lat": 10.8070, "lng": 78.6835 }
  ],
  "Salem": [
    { "id": "slm-yercaud", "name": "Yercaud", "type": "nature", "lat": 11.7753, "lng": 78.2095 },
    { "id": "slm-bus", "name": "Salem New Bus Stand", "type": "bus", "lat": 11.6641, "lng": 78.1460 }
  ],
  "Erode": [
    { "id": "erd-fort", "name": "Erode Fort Area", "type": "fort", "lat": 11.3423, "lng": 77.7275 },
    { "id": "erd-central-bus", "name": "Central Bus Stand", "type": "bus", "lat": 11.3431, "lng": 77.7279 }
  ],
  "Tirunelveli": [
    { "id": "tnv-nellaiappar", "name": "Nellaiappar Temple", "type": "temple", "lat": 8.7260, "lng": 77.6909 },
    { "id": "tnv-iruttukadai", "name": "Iruttukadai Halwa Shop", "type": "market", "lat": 8.7270, "lng": 77.6940 }
  ],
  "Thoothukudi": [
    { "id": "tut-port", "name": "Tuticorin Port", "type": "port", "lat": 8.7642, "lng": 78.1348 },
    { "id": "tut-new-bus", "name": "New Bus Stand", "type": "bus", "lat": 8.8050, "lng": 78.1510 }
  ],
  "Dindigul": [
    { "id": "ddg-dindigul-fort", "name": "Dindigul Fort", "type": "fort", "lat": 10.3630, "lng": 77.9713 },
    { "id": "ddg-oddanchatram", "name": "Oddanchatram Market", "type": "market", "lat": 10.4770, "lng": 77.7560 }
  ],
  "Nilgiris": [
    { "id": "nil-ooty", "name": "Ooty Botanical Garden", "type": "nature", "lat": 11.4110, "lng": 76.7112 },
    { "id": "nil-doddabetta", "name": "Doddabetta", "type": "nature", "lat": 11.4108, "lng": 76.7356 }
  ],
  "Kanchipuram": [
    { "id": "kpm-ekambareshwarar", "name": "Ekambareshwarar Temple", "type": "temple", "lat": 12.8357, "lng": 79.7040 },
    { "id": "kpm-kamakshi", "name": "Kamakshi Amman Temple", "type": "temple", "lat": 12.8351, "lng": 79.7034 }
  ],
  "Thiruvallur": [
    { "id": "tvl-ponneri", "name": "Ponneri", "type": "city", "lat": 13.2130, "lng": 80.1980 },
    { "id": "tvl-tiruvallur-bus", "name": "Tiruvallur Bus Stand", "type": "bus", "lat": 13.1430, "lng": 79.9090 }
  ],
  "Chengalpattu": [
    { "id": "cgl-mahabalipuram", "name": "Mahabalipuram Shore Temple", "type": "temple", "lat": 12.6208, "lng": 80.1926 },
    { "id": "cgl-madras-croc", "name": "Madras Crocodile Bank", "type": "nature", "lat": 12.5615, "lng": 80.1753 }
  ],
  "Kallakurichi": [
    { "id": "klk-vkp", "name": "Kallakurichi Market", "type": "market", "lat": 11.7480, "lng": 78.9630 }
  ],
  "Vellore": [
    { "id": "vlr-fort", "name": "Vellore Fort", "type": "fort", "lat": 12.9185, "lng": 79.1325 },
    { "id": "vlr-cmc", "name": "CMC Hospital Area", "type": "hospital", "lat": 12.9239, "lng": 79.1350 }
  ],
  "Ranipet": [
    { "id": "rpt-industrial", "name": "Industrial Estate", "type": "city", "lat": 12.9250, "lng": 79.3180 }
  ],
  "Tirupathur": [
    { "id": "tpr-town", "name": "Tirupathur Town", "type": "city", "lat": 12.4990, "lng": 78.5650 }
  ],
  "Tiruvannamalai": [
    { "id": "tvm-arunachaleswarar", "name": "Arunachaleswarar Temple", "type": "temple", "lat": 12.2266, "lng": 79.0747 }
  ],
  "Karur": [
    { "id": "kar-bus", "name": "Karur Bus Stand", "type": "bus", "lat": 10.9590, "lng": 78.0780 }
  ],
  "Namakkal": [
    { "id": "nkl-fort", "name": "Namakkal Fort", "type": "fort", "lat": 11.2240, "lng": 78.1650 }
  ],
  "Tenkasi": [
    { "id": "tnk-courtallam", "name": "Courtallam Falls", "type": "nature", "lat": 8.9300, "lng": 77.2700 }
  ],
  "Sivagangai": [
    { "id": "svg-manamadurai", "name": "Manamadurai", "type": "city", "lat": 9.6750, "lng": 78.4730 }
  ],
  "Ramanathapuram": [
    { "id": "rmm-rameswaram", "name": "Rameswaram Temple", "type": "temple", "lat": 9.2880, "lng": 79.3120 }
  ],
  "Pudukkottai": [
    { "id": "pdk-royal-fort", "name": "Pudukkottai Royal Fort", "type": "fort", "lat": 10.3830, "lng": 78.8150 }
  ],
  "Virudhunagar": [
    { "id": "vrd-vnr", "name": "Virudhunagar Town", "type": "city", "lat": 9.5850, "lng": 77.9570 }
  ],
  "Theni": [
    { "id": "thn-suruli", "name": "Suruli Falls", "type": "nature", "lat": 9.6760, "lng": 77.2580 }
  ],
  "Ariyalur": [
    { "id": "arl-cement", "name": "Cement Industry Area", "type": "city", "lat": 11.1410, "lng": 79.0810 }
  ],
  "Perambalur": [
    { "id": "prb-bus", "name": "Perambalur Bus Stand", "type": "bus", "lat": 11.2330, "lng": 78.8830 }
  ],
  "Cuddalore": [
    { "id": "cud-silver", "name": "Silver Beach", "type": "beach", "lat": 11.6893, "lng": 79.7748 }
  ],
  "Nagapattinam": [
    { "id": "ngp-port", "name": "Nagapattinam Port", "type": "port", "lat": 10.7660, "lng": 79.8420 }
  ],
  "Mayiladuthurai": [
    { "id": "myl-mayuranathaswami", "name": "Mayuranathaswami Temple", "type": "temple", "lat": 11.1041, "lng": 79.6458 }
  ],
  "Thiruvarur": [
    { "id": "tvr-thyagaraja", "name": "Thyagaraja Temple", "type": "temple", "lat": 10.7860, "lng": 79.6360 }
  ],
  "Thanjavur": [
    { "id": "tnj-brihadeeswara", "name": "Brihadeeswara Temple", "type": "temple", "lat": 10.7828, "lng": 79.1313 }
  ],
  "Viluppuram": [
    { "id": "vpm-bus", "name": "Viluppuram Bus Stand", "type": "bus", "lat": 11.9430, "lng": 79.4870 }
  ],
  "Krishnagiri": [
    { "id": "krg-krishnagiri-dam", "name": "Krishnagiri Dam", "type": "dam", "lat": 12.5230, "lng": 78.2300 }
  ]
}
